<?xml version="1.0" encoding="UTF-8"?>
<service>
    <name>repository</name>
    <base_directory>/opt/ibm/repo</base_directory>
    <components>

        <component>
            <name>reposervice</name>
            <display_name>service</display_name>
            <image_name>reposervice</image_name>
            <image_version>1.0</image_version>
            <installation_sequence>1</installation_sequence>
            <component_directory>/opt/ibm/repo</component_directory>
            <startup_script>/opt/ibm/repo/bin/runService.sh</startup_script>
            <min_container>4</min_container>
            <ports/>
            <cpu_share>512</cpu_share>
            <container_memory>1024</container_memory>
        </component>


        <component>
            <name>reponginx</name>
            <display_name>nginx</display_name>
            <image_name>reponginx</image_name>
            <image_version>1.0</image_version>
            <installation_sequence>2</installation_sequence>
            <component_directory>/opt/ibm/repo/</component_directory>
            <startup_script></startup_script>
            <min_container>1</min_container>
            <ports>12501:12501</ports>
            <cpu_share>256</cpu_share>
            <hostConstrain>primary_nginx,secondary_nginx</hostConstrain>
            <container_memory>1024</container_memory>
        </component>


    </components>
</service>

