<?xml version="1.0" encoding="UTF-8"?>
<configuration>
    <prod>
        <property>
            <name>BLUEMIX_API_HOST</name>
            <value>login.ng.bluemix.net</value>
            <description>Bluemix API Host for getting bluemix token from BlueIDToken</description>
        </property>
        <property>
            <name>OMS_API_HOST</name>
            <value>omrsnginx-prim-prod.spark.bluemix.net</value>
            <description>OMS API Endpoint hosted here</description>
        </property>
        <property>
            <name>validateTokenSvcHost</name>
            <value>idaas.iam.ibm.com</value>
            <description>Token svc host</description>
        </property>
        <property>
            <name>APSX_API_HOST</name>
            <value>api.apsportal.ibmcloud.com</value>
            <description>APSX API Endpoint hosted here</description>
        </property>
        <property>
            <name>CLOUDFOUNDRY_API_HOST</name>
            <value>api.ng.bluemix.net</value>
            <description>CloudFoundry API Endpoint for getting service credentials</description>
        </property>
        <!--BEGIN:Changes for Monitoring and Logging on Production-->
        <property>
            <name>monenv</name>
            <value>yp</value>
            <description>Production Environment for monitoring</description>
        </property>
        <property>
            <name>mondatacenter</name>
            <value>dallas</value>
            <description>Production Datacenter for monitoring</description>
        </property>
        <property>
            <name>monplan</name>
            <value>default</value>
            <description>Production Plan for monitoring</description>
        </property>
        <property>
            <name>monservice</name>
            <value>NGP</value>
            <description>Production Service name for monitoring</description>
        </property>
        <property>
            <name>PROXY_GRAPHITE_IP</name>
            <value>169.44.73.222</value>
            <description>IP for graphite proxy server</description>
        </property>
        <property>
            <name>PROXY_GRAPHITE_PORT</name>
            <value>25825</value>
            <description>Port for graphite proxy server</description>
        </property>
        <property>
            <name>PROXY_ENCRYPTION</name>
            <value>Encrypt</value>
            <description>Encryption for Graphite proxy Server</description>
        </property>
        <property>
            <name>PROXY_GRAPHITE_USERNAME</name>
            <value>collectd_ngp</value>
            <description>Username for graphite proxy server</description>
        </property>
        <property>
            <name>PROXY_GRAPHITE_PASSWORD</name>
            <value>Huqw10SucSag916Ewvv89Rax315Eduhe</value>
            <description>Password for graphite proxy server</description>
        </property>
        <property>
            <name>NGPLoggingSysClassification</name>
            <value>NGP-Production</value>
            <description>Production system classification for Logging</description>
        </property>
        <property>
            <name>NGPTenantID</name>
            <value>2d34a69e-edef-4c3f-abb5-b91c589eea47</value>
            <description>TenantID for logging production system</description>
        </property>
        <property>
            <name>NGPpwd</name>
            <value>3u1_9a0SYHhZ</value>
            <description>Password for logging production system</description>
        </property>
        <property>
            <name>AlclogmetServer</name>
            <value>logs.ibm.opvis.bluemix.net</value>
            <description>Alchemy production server for logging</description>
        </property>
        <property>
            <name>AlclogmetPort</name>
            <value>9091</value>
            <description>Alchemy production server port number for logging</description>
        </property>
        <property>
            <name>QradarServer</name>
            <value>servqradarprod01.ng.bluemix.net</value>
            <description>QRadar Server for logging production system</description>
        </property>
        <property>
            <name>QradarPort</name>
            <value>514</value>
            <description>Qradar server port number for logging</description>
        </property>
        <property>
            <name>QradarServerIP</name>
            <value>10.107.175.41</value>
            <description>QRadar Server IP for logging production system</description>
        </property>
        <property>
            <name>ALCH_TENORG_ID</name>
            <value>f73e0024-e1e7-11e4-8a00-1681e6b88ec1</value>
            <description>Alchemy logmet production server tenantID</description>
        </property>
        <property>
            <name>Logging_region</name>
            <value>US_South</value>
            <description>The Bluemix production region where this is running</description>
        </property>
        <property>
            <name>Logging_datacenter</name>
            <value>Dallas</value>
            <description>The production datacenter where this service is being installed
            </description>
        </property>
        <property>
            <name>Logging_Env</name>
            <value>YP</value>
            <description>The production Bluemix environment where this is setup and deployed
            </description>
        </property>
        <property>
            <name>Logging_service</name>
            <value>NGP</value>
            <description>The service name this system belongs to</description>
        </property>
        <property>
            <name>Logging_svcplan</name>
            <value>Free</value>
            <description>The service plan this system is part of</description>
        </property>
        <property>
            <name>validateTokenSvcHost</name>
            <value>idaas.iam.ibm.com</value>
            <description>Token svc host</description>
        </property>

        <property>
            <name>ngpsecret</name>
            <value>59cbb87389b7997775ff</value>
            <description>ngp secret</description>
        </property>
        <property>
            <name>apsxconnectionurl</name>
            <value>https://api.apsportal.ibm.com/v1/connections</value>
            <description>aspx connection url for token services</description>
        </property>
        <property>
            <name>apsxaccountsurl</name>
            <value>https://api.apsportal.ibm.com/v1/accounts</value>
            <description>aspx account url for token services</description>
        </property>
        <property>
            <name>apsxiuiurl</name>
            <value><![CDATA[https://api.apsportal.ibm.com/v1/accounts/<iui>/uaa]]></value>
            <description>aspx ui url for token services</description>
        </property>
        <property>
            <name>idassurl</name>
            <value>https://idaas.iam.ibm.com/idaas/oidc/endpoint/default/userinfo</value>
            <description> idaas url for token services</description>
        </property>
        <property>
            <name>gitHubApiEndPoint</name>
            <value>https://api.github.com</value>
            <description>github api base url for calling github developer api endpoints</description>
        </property>

        <property>
            <name>githubToken</name>
            <value>7d313ecec28fcbbc4807e5a9e9c200d2c95d2ce9</value>
            <description>github token</description>
        </property>
    </prod>
    <stage>
        <property>
            <name>BLUEMIX_API_HOST</name>
            <value>login.stage1.ng.bluemix.net</value>
            <description>Bluemix API Host for getting bluemix token from BlueIDToken</description>
        </property>
        <property>
            <name>OMS_API_HOST</name>
            <value>omrsnginx-prim-fvt.spark.bluemix.net</value>
            <description>OMS API Endpoint hosted here</description>
        </property>

        <property>
            <name>validateTokenSvcHost</name>
            <value>idaas.iam.ibm.com</value>
            <description>Token svc host</description>
        </property>
        <property>
            <name>APSX_API_HOST</name>
            <value>apsx-api.stage1.ng.bluemix.net</value>
            <description>APSX API Endpoint hosted here</description>
        </property>
        <property>
            <name>CLOUDFOUNDRY_API_HOST</name>
            <value>api.stage1.ng.bluemix.net</value>
            <description>CloudFoundry API Endpoint for getting service credentials</description>
        </property>
        <!--BEGIN:Changes for Monitoring and Logging on Staging-->
        <property>
            <name>monenv</name>
            <value>ys1</value>
            <description>Staging Environment for monitoring</description>
        </property>
        <property>
            <name>mondatacenter</name>
            <value>dallas</value>
            <description>Staging Datacenter for monitoring</description>
        </property>
        <property>
            <name>monplan</name>
            <value>default</value>
            <description>Staging Plan for monitoring</description>
        </property>
        <property>
            <name>monservice</name>
            <value>NGP</value>
            <description>Staging Service name for monitoring</description>
        </property>
        <property>
            <name>PROXY_GRAPHITE_IP</name>
            <value>169.44.73.222</value>
            <description>IP for graphite proxy server</description>
        </property>
        <property>
            <name>PROXY_GRAPHITE_PORT</name>
            <value>25825</value>
            <description>Port for graphite proxy server</description>
        </property>
        <property>
            <name>PROXY_ENCRYPTION</name>
            <value>Encrypt</value>
            <description>Encryption for Graphite proxy Server</description>
        </property>
        <property>
            <name>PROXY_GRAPHITE_USERNAME</name>
            <value>collectd_ngp</value>
            <description>Username for graphite proxy server</description>
        </property>
        <property>
            <name>PROXY_GRAPHITE_PASSWORD</name>
            <value>Huqw10SucSag916Ewvv89Rax315Eduhe</value>
            <description>Password for graphite proxy server</description>
        </property>
        <property>
            <name>NGPLoggingSysClassification</name>
            <value>NGP-Staging</value>
            <description>Staging system classification for Logging</description>
        </property>
        <property>
            <name>NGPTenantID</name>
            <value>200944f4-cb63-4ad7-8ba1-f79b027e9ea1</value>
            <description>TenantID for logging staging system</description>
        </property>
        <property>
            <name>NGPpwd</name>
            <value>G76SlWeUbyj7</value>
            <description>Password for logging staging system</description>
        </property>
        <property>
            <name>AlclogmetServer</name>
            <value>logs.ibm.opvis.bluemix.net</value>
            <description>Alchemy staging server for logging</description>
        </property>
        <property>
            <name>AlclogmetPort</name>
            <value>9091</value>
            <description>Alchemy Staging server port number for logging</description>
        </property>
        <property>
            <name>QradarServer</name>
            <value>servqradarstage01.ng.bluemix.net</value>
            <description>QRadar Server for logging staging system</description>
        </property>
        <property>
            <name>QradarPort</name>
            <value>514</value>
            <description>Qradar server port number for logging</description>
        </property>
        <property>
            <name>QradarServerIP</name>
            <value>10.107.165.245</value>
            <description>QRadar Server IP for logging staging system</description>
        </property>
        <property>
            <name>ALCH_TENORG_ID</name>
            <value>f73e0024-e1e7-11e4-8a00-1681e6b88ec1</value>
            <description>Alchemy logmet staging server tenantID</description>
        </property>
        <property>
            <name>Logging_region</name>
            <value>US_South</value>
            <description>The Bluemix staging region where this is running</description>
        </property>
        <property>
            <name>Logging_datacenter</name>
            <value>Dallas</value>
            <description>The staging datacenter where this service is being installed</description>
        </property>
        <property>
            <name>Logging_Env</name>
            <value>YS1</value>
            <description>The staging Bluemix environment where this is setup and deployed
            </description>
        </property>
        <property>
            <name>Logging_service</name>
            <value>NGP</value>
            <description>The service name this system belongs to</description>
        </property>
        <property>
            <name>Logging_svcplan</name>
            <value>Free</value>
            <description>The service plan this system is part of</description>
        </property>
        <property>
            <name>validateTokenSvcHost</name>
            <value>idaas.iam.ibm.com</value>
            <description>Token svc host</description>
        </property>
        <!--END:Changes for Monitoring and Logging on Staging-->

<!-- chanhges for git and token apis -->
        <property>
            <name>ngpsecret</name>
            <value>59cbb87389b7997775ff</value>
            <description>ngp secret</description>
        </property>
        <property>
            <name>apsxconnectionurl</name>
            <value>https://apsx-api.stage1.ng.bluemix.net/v1/connections</value>
            <description>aspx connection url for token services</description>
        </property>
        <property>
            <name>apsxaccountsurl</name>
            <value>https://apsx-api.stage1.ng.bluemix.net/v1/accounts</value>
            <description>aspx account url for token services</description>
        </property>
        <property>
            <name>apsxiuiurl</name>
            <value><![CDATA[https://apsx-api.stage1.ng.bluemix.net/v1/accounts/<iui>/uaa]]></value>
            <description>aspx ui url for token services</description>
        </property>
        <property>
            <name>idassurl</name>
            <value>https://idaas.iam.ibm.com/idaas/oidc/endpoint/default/userinfo</value>
            <description> idaas url for token services</description>
        </property>
        <property>
            <name>gitHubApiEndPoint</name>
            <value>https://api.github.com</value>
            <description>github api base url for calling github developer api endpoints</description>
        </property>

        <property>
            <name>githubToken</name>
            <value>7d313ecec28fcbbc4807e5a9e9c200d2c95d2ce9</value>
            <description>github token</description>
        </property>
    </stage>

    <dev>
        <property>
            <name>BLUEMIX_API_HOST</name>
            <value>login.stage1.ng.bluemix.net</value>
            <description>Bluemix API Host for getting bluemix token from BlueIDToken</description>
        </property>
        <property>
            <name>OMS_API_HOST</name>
            <value>omrsnginx-prim-perf.spark.bluemix.net</value>
            <description>OMS API Endpoint hosted here</description>
        </property>
        <property>
            <name>validateTokenSvcHost</name>
            <value>idaas.iam.ibm.com</value>
            <description>Token svc host</description>
        </property>
        <property>
            <name>APSX_API_HOST</name>
            <value>apsx-api-dev.stage1.ng.bluemix.net</value>
            <description>APSX API Endpoint hosted here</description>
        </property>
        <property>
            <name>CLOUDFOUNDRY_API_HOST</name>
            <value>api-dev.stage1.ng.bluemix.net</value>
            <description>CloudFoundry API Endpoint for getting service credentials</description>
        </property>
        <!--BEGIN:Changes for Monitoring and Logging on Development-->
        <property>
            <name>monenv</name>
            <value>sre</value>
            <description>Development Environment for monitoring</description>
        </property>
        <property>
            <name>mondatacenter</name>
            <value>dallas</value>
            <description>Development Datacenter for monitoring</description>
        </property>
        <property>
            <name>monplan</name>
            <value>default</value>
            <description>Development Plan for monitoring</description>
        </property>
        <property>
            <name>monservice</name>
            <value>NGP</value>
            <description>Development Service name for monitoring</description>
        </property>
        <property>
            <name>PROXY_GRAPHITE_IP</name>
            <value>23.246.238.107</value>
            <description>IP for graphite proxy server</description>
        </property>
        <property>
            <name>PROXY_GRAPHITE_PORT</name>
            <value>25825</value>
            <description>Port for graphite proxy server</description>
        </property>
        <property>
            <name>PROXY_ENCRYPTION</name>
            <value>Encrypt</value>
            <description>Encryption for Graphite proxy Server</description>
        </property>
        <property>
            <name>PROXY_GRAPHITE_USERNAME</name>
            <value>cdsuser</value>
            <description>Username for graphite proxy server</description>
        </property>
        <property>
            <name>PROXY_GRAPHITE_PASSWORD</name>
            <value>passw0rd</value>
            <description>Password for graphite proxy server</description>
        </property>
        <property>
            <name>NGPLoggingSysClassification</name>
            <value>NGP-Development</value>
            <description>Development system classification for Logging</description>
        </property>
        <property>
            <name>NGPTenantID</name>
            <value>da5109ef-c1c0-499b-86ee-a8fd55203bb6</value>
            <description>TenantID for logging development system</description>
        </property>
        <property>
            <name>NGPpwd</name>
            <value>xs1EWI3AWnOf</value>
            <description>Password for logging development system</description>
        </property>
        <property>
            <name>AlclogmetServer</name>
            <value>logs.ibm.opvis.bluemix.net</value>
            <description>Alchemy development server for logging</description>
        </property>
        <property>
            <name>AlclogmetPort</name>
            <value>9091</value>
            <description>Alchemy development server port number for logging</description>
        </property>
        <property>
            <name>QradarServer</name>
            <value>servqradarstage01.ng.bluemix.net</value>
            <description>QRadar Server for logging development system</description>
        </property>
        <property>
            <name>QradarPort</name>
            <value>514</value>
            <description>Qradar server port number for logging</description>
        </property>
        <property>
            <name>QradarServerIP</name>
            <value>10.107.165.245</value>
            <description>QRadar Server IP for logging development system</description>
        </property>
        <property>
            <name>ALCH_TENORG_ID</name>
            <value>f73e0024-e1e7-11e4-8a00-1681e6b88ec1</value>
            <description>Alchemy logmet development server tenantID</description>
        </property>
        <property>
            <name>Logging_region</name>
            <value>US_South</value>
            <description>The Bluemix development region where this is running</description>
        </property>
        <property>
            <name>Logging_datacenter</name>
            <value>Dallas</value>
            <description>The development datacenter where this service is being installed
            </description>
        </property>
        <property>
            <name>Logging_Env</name>
            <value>Dev</value>
            <description>The development Bluemix environment where this is setup and deployed
            </description>
        </property>
        <property>
            <name>Logging_service</name>
            <value>NGP</value>
            <description>The service name this system belongs to</description>
        </property>
        <property>
            <name>Logging_svcplan</name>
            <value>Free</value>
            <description>The service plan this system is part of</description>
        </property>
        <property>
            <name>validateTokenSvcHost</name>
            <value>idaas.iam.ibm.com</value>
            <description>Token svc host</description>
        </property>
        <!--END:Changes for Monitoring and Logging on Development-->


        <!-- chanhges for git and token apis -->
        <property>
            <name>ngpsecret</name>
            <value>59cbb87389b7997775ff</value>
            <description>ngp secret</description>
        </property>
        <property>
            <name>apsxconnectionurl</name>
            <value>https://apsx-api-dev.stage1.ng.bluemix.net/v1/connections</value>
            <description>aspx connection url for token services</description>
        </property>
        <property>
            <name>apsxaccountsurl</name>
            <value>https://apsx-api-dev.stage1.ng.bluemix.net/v1/accounts</value>
            <description>aspx account url for token services</description>
        </property>
        <property>
            <name>apsxiuiurl</name>
            <value><![CDATA[https://apsx-api-dev.stage1.ng.bluemix.net/v1/accounts/<iui>/uaa]]></value>
            <description>aspx ui url for token services</description>
        </property>
        <property>
            <name>idassurl</name>
            <value>https://idaas.iam.ibm.com/idaas/oidc/endpoint/default/userinfo</value>
            <description> idaas url for token services</description>
        </property>
        <property>
            <name>gitHubApiEndPoint</name>
            <value>https://api.github.com</value>
            <description>github api base url for calling github developer api endpoints</description>
        </property>

        <property>
            <name>githubToken</name>
            <value>7d313ecec28fcbbc4807e5a9e9c200d2c95d2ce9</value>
            <description>github token</description>
        </property>
    </dev>
    <fvt>
        <property>
            <name>BLUEMIX_API_HOST</name>
            <value>login.stage1.ng.bluemix.net</value>
            <description>Bluemix API Host for getting bluemix token from BlueIDToken</description>
        </property>
        <property>
            <name>OMS_API_HOST</name>
            <value>omrsnginx-prim-fvt.spark.bluemix.net</value>
            <description>OMS API Endpoint hosted here</description>
        </property>
        <property>
            <name>validateTokenSvcHost</name>
            <value>idaas.iam.ibm.com</value>
            <description>Token svc host</description>
        </property>
        <property>
            <name>APSX_API_HOST</name>
            <value>apsx-api.stage1.ng.bluemix.net</value>
            <description>APSX API Endpoint hosted here</description>
        </property>
        <property>
            <name>CLOUDFOUNDRY_API_HOST</name>
            <value>api.stage1.ng.bluemix.net</value>
            <description>CloudFoundry API Endpoint for getting service credentials</description>
        </property>
        <!--BEGIN:Changes for Monitoring and Logging on FVT-->
        <property>
            <name>monenv</name>
            <value>sre</value>
            <description>Development Environment for monitoring</description>
        </property>
        <property>
            <name>mondatacenter</name>
            <value>dallas</value>
            <description>Development Datacenter for monitoring</description>
        </property>
        <property>
            <name>monplan</name>
            <value>default</value>
            <description>Development Plan for monitoring</description>
        </property>
        <property>
            <name>monservice</name>
            <value>NGP</value>
            <description>Development Service name for monitoring</description>
        </property>
        <property>
            <name>PROXY_GRAPHITE_IP</name>
            <value>23.246.238.107</value>
            <description>IP for graphite proxy server</description>
        </property>
        <property>
            <name>PROXY_GRAPHITE_PORT</name>
            <value>25825</value>
            <description>Port for graphite proxy server</description>
        </property>
        <property>
            <name>PROXY_ENCRYPTION</name>
            <value>Encrypt</value>
            <description>Encryption for Graphite proxy Server</description>
        </property>
        <property>
            <name>PROXY_GRAPHITE_USERNAME</name>
            <value>cdsuser</value>
            <description>Username for graphite proxy server</description>
        </property>
        <property>
            <name>PROXY_GRAPHITE_PASSWORD</name>
            <value>passw0rd</value>
            <description>Password for graphite proxy server</description>
        </property>
        <property>
            <name>NGPLoggingSysClassification</name>
            <value>NGP-Development</value>
            <description>Development system classification for Logging</description>
        </property>
        <property>
            <name>NGPTenantID</name>
            <value>da5109ef-c1c0-499b-86ee-a8fd55203bb6</value>
            <description>TenantID for logging development system</description>
        </property>
        <property>
            <name>NGPpwd</name>
            <value>xs1EWI3AWnOf</value>
            <description>Password for logging development system</description>
        </property>
        <property>
            <name>AlclogmetServer</name>
            <value>logs.ibm.opvis.bluemix.net</value>
            <description>Alchemy development server for logging</description>
        </property>
        <property>
            <name>AlclogmetPort</name>
            <value>9091</value>
            <description>Alchemy development server port number for logging</description>
        </property>
        <property>
            <name>QradarServer</name>
            <value>servqradarstage01.ng.bluemix.net</value>
            <description>QRadar Server for logging development system</description>
        </property>
        <property>
            <name>QradarPort</name>
            <value>514</value>
            <description>Qradar server port number for logging</description>
        </property>
        <property>
            <name>QradarServerIP</name>
            <value>10.107.165.245</value>
            <description>QRadar Server IP for logging development system</description>
        </property>
        <property>
            <name>ALCH_TENORG_ID</name>
            <value>f73e0024-e1e7-11e4-8a00-1681e6b88ec1</value>
            <description>Alchemy logmet development server tenantID</description>
        </property>
        <property>
            <name>Logging_region</name>
            <value>US_South</value>
            <description>The Bluemix development region where this is running</description>
        </property>
        <property>
            <name>Logging_datacenter</name>
            <value>Dallas</value>
            <description>The development datacenter where this service is being installed
            </description>
        </property>
        <property>
            <name>Logging_Env</name>
            <value>Dev</value>
            <description>The development Bluemix environment where this is setup and deployed
            </description>
        </property>
        <property>
            <name>Logging_service</name>
            <value>NGP</value>
            <description>The service name this system belongs to</description>
        </property>
        <property>
            <name>Logging_svcplan</name>
            <value>Free</value>
            <description>The service plan this system is part of</description>
        </property>
        <property>
            <name>validateTokenSvcHost</name>
            <value>idaas.iam.ibm.com</value>
            <description>Token svc host</description>
        </property>
        <!--END:Changes for Monitoring and Logging on FVT-->

        <property>
            <name>ngpsecret</name>
            <value>59cbb87389b7997775ff</value>
            <description>ngp secret</description>
        </property>
        <property>
            <name>apsxconnectionurl</name>
            <value>https://api.apsportal.ibm.com/v1/connections</value>
            <description>aspx connection url for token services</description>
        </property>
        <property>
            <name>apsxaccountsurl</name>
            <value>https://api.apsportal.ibm.com/v1/accounts</value>
            <description>aspx account url for token services</description>
        </property>
        <property>
            <name>apsxiuiurl</name>
            <value><![CDATA[https://api.apsportal.ibm.com/v1/accounts/<iui>/uaa]]></value>
            <description>aspx ui url for token services</description>
        </property>
        <property>
            <name>idassurl</name>
            <value>https://idaas.iam.ibm.com/idaas/oidc/endpoint/default/userinfo</value>
            <description> idaas url for token services</description>
        </property>
        <property>
            <name>gitHubApiEndPoint</name>
            <value>https://api.github.com</value>
            <description>github api base url for calling github developer api endpoints</description>
        </property>

        <property>
            <name>githubToken</name>
            <value>7d313ecec28fcbbc4807e5a9e9c200d2c95d2ce9</value>
            <description>github token</description>
        </property>
    </fvt>
    <svt>
        <property>
            <name>BLUEMIX_API_HOST</name>
            <value>login.stage1.ng.bluemix.net</value>
            <description>Bluemix API Host for getting bluemix token from BlueIDToken</description>
        </property>
        <property>
            <name>OMS_API_HOST</name>
            <value>omrsnginx-prim-fvt.spark.bluemix.net</value>
            <description>OMS API Endpoint hosted here</description>
        </property>
        <property>
            <name>validateTokenSvcHost</name>
            <value>idaas.iam.ibm.com</value>
            <description>Token svc host</description>
        </property>
        <property>
            <name>APSX_API_HOST</name>
            <value>apsx-api.stage1.ng.bluemix.net</value>
            <description>APSX API Endpoint hosted here</description>
        </property>
        <property>
            <name>CLOUDFOUNDRY_API_HOST</name>
            <value>api.stage1.ng.bluemix.net</value>
            <description>CloudFoundry API Endpoint for getting service credentials</description>
        </property>
        <!--BEGIN:Changes for Monitoring and Logging on SVT-->
        <property>
            <name>monenv</name>
            <value>sre</value>
            <description>Development Environment for monitoring</description>
        </property>
        <property>
            <name>mondatacenter</name>
            <value>dallas</value>
            <description>Development Datacenter for monitoring</description>
        </property>
        <property>
            <name>monplan</name>
            <value>default</value>
            <description>Development Plan for monitoring</description>
        </property>
        <property>
            <name>monservice</name>
            <value>NGP</value>
            <description>Development Service name for monitoring</description>
        </property>
        <property>
            <name>PROXY_GRAPHITE_IP</name>
            <value>23.246.238.107</value>
            <description>IP for graphite proxy server</description>
        </property>
        <property>
            <name>PROXY_GRAPHITE_PORT</name>
            <value>25825</value>
            <description>Port for graphite proxy server</description>
        </property>
        <property>
            <name>PROXY_ENCRYPTION</name>
            <value>Encrypt</value>
            <description>Encryption for Graphite proxy Server</description>
        </property>
        <property>
            <name>PROXY_GRAPHITE_USERNAME</name>
            <value>cdsuser</value>
            <description>Username for graphite proxy server</description>
        </property>
        <property>
            <name>PROXY_GRAPHITE_PASSWORD</name>
            <value>passw0rd</value>
            <description>Password for graphite proxy server</description>
        </property>
        <property>
            <name>NGPLoggingSysClassification</name>
            <value>NGP-Development</value>
            <description>Development system classification for Logging</description>
        </property>
        <property>
            <name>NGPTenantID</name>
            <value>da5109ef-c1c0-499b-86ee-a8fd55203bb6</value>
            <description>TenantID for logging development system</description>
        </property>
        <property>
            <name>NGPpwd</name>
            <value>xs1EWI3AWnOf</value>
            <description>Password for logging development system</description>
        </property>
        <property>
            <name>AlclogmetServer</name>
            <value>logs.ibm.opvis.bluemix.net</value>
            <description>Alchemy development server for logging</description>
        </property>
        <property>
            <name>AlclogmetPort</name>
            <value>9091</value>
            <description>Alchemy development server port number for logging</description>
        </property>
        <property>
            <name>QradarServer</name>
            <value>servqradarstage01.ng.bluemix.net</value>
            <description>QRadar Server for logging development system</description>
        </property>
        <property>
            <name>QradarPort</name>
            <value>514</value>
            <description>Qradar server port number for logging</description>
        </property>
        <property>
            <name>QradarServerIP</name>
            <value>10.107.165.245</value>
            <description>QRadar Server IP for logging development system</description>
        </property>
        <property>
            <name>ALCH_TENORG_ID</name>
            <value>f73e0024-e1e7-11e4-8a00-1681e6b88ec1</value>
            <description>Alchemy logmet development server tenantID</description>
        </property>
        <property>
            <name>Logging_region</name>
            <value>US_South</value>
            <description>The Bluemix development region where this is running</description>
        </property>
        <property>
            <name>Logging_datacenter</name>
            <value>Dallas</value>
            <description>The development datacenter where this service is being installed
            </description>
        </property>
        <property>
            <name>Logging_Env</name>
            <value>Dev</value>
            <description>The development Bluemix environment where this is setup and deployed
            </description>
        </property>
        <property>
            <name>Logging_service</name>
            <value>NGP</value>
            <description>The service name this system belongs to</description>
        </property>
        <property>
            <name>Logging_svcplan</name>
            <value>Free</value>
            <description>The service plan this system is part of</description>
        </property>
        <property>
            <name>validateTokenSvcHost</name>
            <value>idaas.iam.ibm.com</value>
            <description>Token svc host</description>
        </property>
        <!--END:Changes for Monitoring and Logging on SVT-->

        <property>
            <name>ngpsecret</name>
            <value>59cbb87389b7997775ff</value>
            <description>ngp secret</description>
        </property>
        <property>
            <name>apsxconnectionurl</name>
            <value>https://api.apsportal.ibm.com/v1/connections</value>
            <description>aspx connection url for token services</description>
        </property>
        <property>
            <name>apsxaccountsurl</name>
            <value>https://api.apsportal.ibm.com/v1/accounts</value>
            <description>aspx account url for token services</description>
        </property>
        <property>
            <name>apsxiuiurl</name>
            <value><![CDATA[https://api.apsportal.ibm.com/v1/accounts/<iui>/uaa]]></value>
            <description>aspx ui url for token services</description>
        </property>
        <property>
            <name>idassurl</name>
            <value>https://idaas.iam.ibm.com/idaas/oidc/endpoint/default/userinfo</value>
            <description> idaas url for token services</description>
        </property>
        <property>
            <name>gitHubApiEndPoint</name>
            <value>https://api.github.com</value>
            <description>github api base url for calling github developer api endpoints</description>
        </property>

        <property>
            <name>githubToken</name>
            <value>7d313ecec28fcbbc4807e5a9e9c200d2c95d2ce9</value>
            <description>github token</description>
        </property>
    </svt>
</configuration>